1,M1.1
2,M1.2
3,M1.3
4,M1.4
5,M1.5
6,M1.6
7,M1.7
8,M1.8
9,M1.9
10,M1.10
11,M1.11
12,M1.12
13,M1.13
14,M1.14
15,M1.15
16,M1.16
17,M1.17
18,M1.18
19,M1.19
20,M1.20
21,M1.21
22,M1.22
2,M2.1
3,M2.2
4,M2.3
5,M2.4
6,M2.5
7,M2.6
8,M2.7
10,M2.8
,M2.9
,M2.10
,M2.11
15,M2.12
,M2.13
17,M2.14
1,M1.1
2,M1.2
3,M1.3
4,M1.4
5,M1.5
6,M1.6
7,M1.7
8,M1.8
9,M1.9
10,M1.10
11,M1.11
12,M1.12
13,M1.13
14,M1.14
15,M1.15
16,M1.16
17,M1.17
18,M1.18
19,M1.19
20,M1.20
21,M1.21
22,M1.22
2,M2.1
3,M2.2
4,M2.3
5,M2.4
6,M2.5
7,M2.6
8,M2.7
10,M2.8
,M2.9
,M2.10
,M2.11
15,M2.12
,M2.13
17,M2.14
1,M1.1
2,M1.2
3,M1.3
4,M1.4
5,M1.5
6,M1.6
7,M1.7
8,M1.8
9,M1.9
10,M1.10
11,M1.11
12,M1.12
13,M1.13
14,M1.14
15,M1.15
16,M1.16
17,M1.17
18,M1.18
19,M1.19
20,M1.20
21,M1.21
22,M1.22
2,M2.1
3,M2.2
4,M2.3
5,M2.4
6,M2.5
7,M2.6
8,M2.7
10,M2.8
,M2.9
,M2.10
,M2.11
15,M2.12
,M2.13
17,M2.14
1,M1.1
2,M1.2
3,M1.3
4,M1.4
5,M1.5
6,M1.6
7,M1.7
8,M1.8
9,M1.9
10,M1.10
11,M1.11
12,M1.12
13,M1.13
14,M1.14
15,M1.15
16,M1.16
17,M1.17
18,M1.18
19,M1.19
20,M1.20
21,M1.21
22,M1.22
2,M4.1
,M4.2
,M4.3
,M4.4
,M4.5
,M4.6
,M4.7
,M4.8
4,M4.9
5,M4.10
8,M4.12
,M4.13
,M4.14
,M4.15
,M4.16
,M4.17
,M4.18
,M4.19
,M4.20
,M4.21
,M4.22
2,M3.1
3,M3.2
,M3.3
,M3.4
,M3.5
,M3.6
4,M3.8
,M3.9
8,M3.10
,M3.11
,M3.12
,M3.13
,M3.14
13,M3.15
,M3.17
17,M3.18
1,M1.1
2,M1.2
3,M1.3
4,M1.4
5,M1.5
6,M1.6
7,M1.7
8,M1.8
9,M1.9
10,M1.10
11,M1.11
12,M1.12
13,M1.13
14,M1.14
15,M1.15
16,M1.16
17,M1.17
18,M1.18
19,M1.19
20,M1.20
21,M1.21
22,M1.22
1,M1.1
2,M1.2
3,M1.3
4,M1.4
5,M1.5
6,M1.6
7,M1.7
8,M1.8
9,M1.9
10,M1.10
11,M1.11
12,M1.12
13,M1.13
14,M1.14
15,M1.15
16,M1.16
17,M1.17
18,M1.18
19,M1.19
20,M1.20
21,M1.21
22,M1.22
,M5.2
,M5.3
,M5.4
,M5.5
,M5.6
,M5.7
,M5.8
,M5.9
,M5.10
,M5.11
,M5.12
,M5.13
,M5.14
5,M5.15
,M5.16
,M5.17
,M5.18
,M5.19
,M5.20
2,M6.2
,M6.3
,M6.4
,M6.5
,M6.6
,M6.7
,M6.8
,M6.9
,M6.10
,M6.11
,M6.12
,M6.13
,M6.14
5,M6.15
,M6.16
,M6.17
,M6.18
17,M6.19
,M6.20
1,M1.1
2,M1.2
3,M1.3
4,M1.4
5,M1.5
6,M1.6
7,M1.7
8,M1.8
9,M1.9
10,M1.10
11,M1.11
12,M1.12
13,M1.13
14,M1.14
15,M1.15
16,M1.16
17,M1.17
18,M1.18
19,M1.19
20,M1.20
21,M1.21
22,M1.22
,P1.1
,P1.2
,P1.3
,P1.4
,P1.5
,P1.6
,P1.7
,P1.8
,P1.9
,P1.10
,P1.11
,P1.12
,P1.13
,P1.14
,P1.15
,P1.16
,P1.17
,P1.18
,P1.19
,P1.20
,P1.21
,P1.22
,P1.23
,P1.24
,P1.25
,P1.26
,P1.27
,P1.28
,P1.29
,P1.31
,P1.32
,P1.33
,P1.34
,P1.35
,P1.36
,P1.37
,P1.38
,P1.39
,P1.40
,P1.41
,P1.42
,P1.43
,P1.44
,P1.45
,P1.46
,P1.47
,P1.48
,P1.49
,P1.50
,P1.51
,P1.52
,P1.53
,P1.54
,P1.55
,P1.56
,P1.57
,P1.58
,P1.59
,P1.60
,P1.61
,P1.62
,P1.63
,P1.64
,P1.65
,P1.66
,P1.67
,P1.68
,P1.69
,P1.71
,P1.72
,P1.73
,P1.74
,P1.75
,P1.76
,P1.77
,P1.78
,P1.79
,P1.80
,P1.81
1,M1.1
2,M1.2
3,M1.3
4,M1.4
5,M1.5
6,M1.6
7,M1.7
8,M1.8
9,M1.9
10,M1.10
11,M1.11
12,M1.12
13,M1.13
14,M1.14
15,M1.15
16,M1.16
17,M1.17
18,M1.18
19,M1.19
20,M1.20
21,M1.21
22,M1.22
,P2.1
,P2.2
,P2.3
,P2.4
,P2.5
,P2.6
,P2.7
,P2.8
,P2.9
,P2.10
,P2.11
,P2.12
,P2.13
,P2.14
,P2.15
,P2.16
,P2.17
,P2.18
,P2.19
,P2.20
,P2.21
,P2.22
,P2.23
,P2.24
,P2.25
,P2.26
,P2.27
,P2.28
,P2.29
,P2.31
,P2.32
,P2.33
,P2.34
,P2.35
,P2.36
,P2.37
,P2.38
,P2.39
,P2.40
,P2.41
,P2.42
,P2.43
,P2.44
,P2.45
,P2.46
,P2.47
,P2.48
,P2.49
,P2.50
,P2.51
,P2.52
,P2.53
,P2.54
,P2.55
,P2.56
,P2.57
,P2.58
,P2.59
,P2.60
,P2.61
,P2.62
,P2.63
,P2.64
,P2.65
,P2.66
,P2.67
,P2.68
,P2.73
,P2.74
,P2.75
,P2.76
,P2.77
,P2.78
,P2.79
,P2.80
,P2.81
,P2.82
,P2.83
,P3.1
,P3.2
,P3.3
,P3.4
,P3.5
,P3.6
,P3.7
,P3.8
,P3.9
,P3.10
,P3.11
,P3.12
,P3.13
,P3.14
,P3.15
,P3.16
,P3.17
,P3.18
,P3.19
,P3.20
,P3.21
,P3.22
,P3.23
,P3.24
,P3.25
,P3.26
,P3.27
,P3.28
,P3.29
,P3.31
,P3.32
,P3.33
,P3.34
,P3.35
,P3.36
,P3.37
,P3.38
,P3.39
,P3.40
,P3.41
,P3.42
,P3.43
,P3.44
,P3.45
,P3.46
,P3.47
,P3.48
,P3.49
,P3.50
,P3.51
,P3.52
,P3.53
,P3.54
,P3.55
,P3.56
,P3.57
,P3.58
,P3.59
,P3.60
,P3.61
,P3.62
,P3.63
,P3.64
,P3.65
,P3.66
,P3.67
,P3.68
,P3.73
,P3.74
,P3.75
,P3.76
,P3.77
,P3.78
,P3.79
,P3.80
,P3.81
,P3.82
,P3.83
1,M1.1
2,M1.2
3,M1.3
4,M1.4
5,M1.5
6,M1.6
7,M1.7
8,M1.8
9,M1.9
10,M1.10
11,M1.11
12,M1.12
13,M1.13
14,M1.14
15,M1.15
16,M1.16
17,M1.17
18,M1.18
19,M1.19
20,M1.20
21,M1.21
22,M1.22
,B.1
,B.2
,B.3
,B.4
,B.5
,B.6
,B.7
,B.8
,B.9
,B.10
,B.11
,B.12
,B.13
,B.14
,B.15
,B.16
,B.17
,B.18
,B.19
,B.20
,B.21
,B.22
,B.23
,B.24
,B.25
,B.26
,B.27
,B.28
,B.29
,B.31
,B.32
,B.33
,B.34
,B.35
,B.36
,B.37
,B.38
,B.39
,B.40
,B.41
,B.42
,B.43
,B.44
,B.45
,B.46
,B.47
,B.48
,B.49
,B.50
,B.51
,B.52
,B.53
,B.54
,B.56
,B.57
,B.58
,B.59
,B.60
,B.61
,B.62
,B.63
,B.65
,B.66
,B.67
,B.72
,B.73
,B.75
,B.76
,B.77
,B.78
,B.79
,B.80
,B.81
1,M1.1
2,M1.2
3,M1.3
4,M1.4
5,M1.5
6,M1.6
7,M1.7
8,M1.8
9,M1.9
10,M1.10
11,M1.11
12,M1.12
13,M1.13
14,M1.14
15,M1.15
16,M1.16
17,M1.17
18,M1.18
19,M1.19
20,M1.20
21,M1.21
22,M1.22
1,M1.1
2,M1.2
3,M1.3
4,M1.4
5,M1.5
6,M1.6
7,M1.7
8,M1.8
9,M1.9
10,M1.10
11,M1.11
12,M1.12
13,M1.13
14,M1.14
15,M1.15
16,M1.16
17,M1.17
18,M1.18
19,M1.19
20,M1.20
21,M1.21
22,M1.22
1,M2.1
2,M2.2
3,M2.3
4,M2.4
5,M2.5
6,M2.6
7,M2.7
8,M2.8
9,M2.9
10,M2.10
11,M2.11
12,M2.12
13,M2.13
14,M2.14
1,M3.1
2,M3.2
,M3.3
,M3.4
,M3.5
,M3.6
3,M3.8
,M3.9
7,M3.10
,M3.11
,M3.12
,M3.13
,M3.14
,M3.15
,M3.17
14,M3.18
1,M4.1
,M4.2
,M4.3
,M4.4
,M4.5
,M4.6
,M4.7
,M4.8
3,M4.9
4,M4.10
7,M4.12
,M4.13
,M4.14
,M4.15
,M4.16
,M4.17
,M4.18
,M4.19
,M4.20
,M4.21
,M4.22
1,M2.1
2,M2.2
3,M2.3
4,M2.4
5,M2.5
6,M2.6
7,M2.7
8,M2.8
9,M2.9
10,M2.10
11,M2.11
12,M2.12
13,M2.13
14,M2.14
,M5.2
,M5.3
,M5.4
,M5.5
,M5.6
,M5.7
,M5.8
,M5.9
,M5.10
,M5.11
,M5.12
,M5.13
,M5.14
4,M5.15
,M5.16
,M5.17
10,M5.18
,M5.19
,M5.20
1,M2.1
2,M2.2
3,M2.3
4,M2.4
5,M2.5
6,M2.6
7,M2.7
8,M2.8
9,M2.9
10,M2.10
11,M2.11
12,M2.12
13,M2.13
14,M2.14
1,M6.2
,M6.3
,M6.4
,M6.5
,M6.6
,M6.7
,M6.8
,M6.9
,M6.10
,M6.11
,M6.12
,M6.13
,M6.14
4,M6.15
,M6.16
,M6.17
10,M6.18
14,M6.19
,M6.20
,P1.1
,P1.2
,P1.3
,P1.4
,P1.5
,P1.6
,P1.7
,P1.8
,P1.9
,P1.10
,P1.11
,P1.12
,P1.13
,P1.14
,P1.15
,P1.16
,P1.17
,P1.18
,P1.19
,P1.20
,P1.21
,P1.22
,P1.23
,P1.24
,P1.25
,P1.26
,P1.27
,P1.28
,P1.29
,P1.31
,P1.32
,P1.33
,P1.34
,P1.35
,P1.36
,P1.37
,P1.38
,P1.39
,P1.40
,P1.41
,P1.42
,P1.43
,P1.44
,P1.45
,P1.46
,P1.47
,P1.48
,P1.49
,P1.50
,P1.51
,P1.52
,P1.53
,P1.54
,P1.55
,P1.56
,P1.57
,P1.58
,P1.59
,P1.60
,P1.61
,P1.62
,P1.63
,P1.64
,P1.65
,P1.66
,P1.67
,P1.68
,P1.69
,P1.71
,P1.72
,P1.73
,P1.74
,P1.75
,P1.76
,P1.77
,P1.78
,P1.79
,P1.80
,P1.81
1,M2.1
2,M2.2
3,M2.3
4,M2.4
5,M2.5
6,M2.6
7,M2.7
8,M2.8
9,M2.9
10,M2.10
11,M2.11
12,M2.12
13,M2.13
14,M2.14
1,M2.1
2,M2.2
3,M2.3
4,M2.4
5,M2.5
6,M2.6
7,M2.7
8,M2.8
9,M2.9
10,M2.10
11,M2.11
12,M2.12
13,M2.13
14,M2.14
1,M2.1
2,M2.2
3,M2.3
4,M2.4
5,M2.5
6,M2.6
7,M2.7
8,M2.8
9,M2.9
10,M2.10
11,M2.11
12,M2.12
13,M2.13
14,M2.14
,P2.1
,P2.2
,P2.3
,P2.4
,P2.5
,P2.6
,P2.7
,P2.8
,P2.9
,P2.10
,P2.11
,P2.12
,P2.13
,P2.14
,P2.15
,P2.16
,P2.17
,P2.18
,P2.19
,P2.20
,P2.21
,P2.22
,P2.23
,P2.24
,P2.25
,P2.26
,P2.27
,P2.28
,P2.29
,P2.31
,P2.32
,P2.33
,P2.34
,P2.35
,P2.36
,P2.37
,P2.38
,P2.39
,P2.40
,P2.41
,P2.42
,P2.43
,P2.44
,P2.45
,P2.46
,P2.47
,P2.48
,P2.49
,P2.50
,P2.51
,P2.52
,P2.53
,P2.54
,P2.55
,P2.56
,P2.57
,P2.58
,P2.59
,P2.60
,P2.61
,P2.62
,P2.63
,P2.64
,P2.65
,P2.66
,P2.67
,P2.68
,P2.73
,P2.74
,P2.75
,P2.76
,P2.77
,P2.78
,P2.79
,P2.80
,P2.81
,P2.82
,P2.83
1,M2.1
2,M2.2
3,M2.3
4,M2.4
5,M2.5
6,M2.6
7,M2.7
8,M2.8
9,M2.9
10,M2.10
11,M2.11
12,M2.12
13,M2.13
14,M2.14
1,M2.1
2,M2.2
3,M2.3
4,M2.4
5,M2.5
6,M2.6
7,M2.7
8,M2.8
9,M2.9
10,M2.10
11,M2.11
12,M2.12
13,M2.13
14,M2.14
,B.1
,B.2
,B.3
,B.4
,B.5
,B.6
,B.7
,B.8
,B.9
,B.10
,B.11
,B.12
,B.13
,B.14
,B.15
,B.16
,B.17
,B.18
,B.19
,B.20
,B.21
,B.22
,B.23
,B.24
,B.25
,B.26
,B.27
,B.28
,B.29
,B.31
,B.32
,B.33
,B.34
,B.35
,B.36
,B.37
,B.38
,B.39
,B.40
,B.41
,B.42
,B.43
,B.44
,B.45
,B.46
,B.47
,B.48
,B.49
,B.50
,B.51
,B.52
,B.53
,B.54
,B.56
,B.57
,B.58
,B.59
,B.60
,B.61
,B.62
,B.63
,B.65
,B.66
,B.67
,B.72
,B.73
,B.75
,B.76
,B.77
,B.78
,B.79
,B.80
,B.81
,P3.1
,P3.2
,P3.3
,P3.4
,P3.5
,P3.6
,P3.7
,P3.8
,P3.9
,P3.10
,P3.11
,P3.12
,P3.13
,P3.14
,P3.15
,P3.16
,P3.17
,P3.18
,P3.19
,P3.20
,P3.21
,P3.22
,P3.23
,P3.24
,P3.25
,P3.26
,P3.27
,P3.28
,P3.29
,P3.31
,P3.32
,P3.33
,P3.34
,P3.35
,P3.36
,P3.37
,P3.38
,P3.39
,P3.40
,P3.41
,P3.42
,P3.43
,P3.44
,P3.45
,P3.46
,P3.47
,P3.48
,P3.49
,P3.50
,P3.51
,P3.52
,P3.53
,P3.54
,P3.55
,P3.56
,P3.57
,P3.58
,P3.59
,P3.60
,P3.61
,P3.62
,P3.63
,P3.64
,P3.65
,P3.66
,P3.67
,P3.68
,P3.73
,P3.74
,P3.75
,P3.76
,P3.77
,P3.78
,P3.79
,P3.80
,P3.81
,P3.82
,P3.83
1,M3.1
2,M3.2
3,M3.3
4,M3.4
5,M3.5
6,M3.6
7,M3.8
8,M3.9
9,M3.10
10,M3.11
11,M3.12
12,M3.13
13,M3.14
14,M3.15
15,M3.17
16,M3.18
1,M4.1
,M4.2
,M4.3
4,M4.4
,M4.5
5,M4.6
,M4.7
,M4.8
7,M4.9
,M4.10
9,M4.12
,M4.13
,M4.14
,M4.15
,M4.16
,M4.17
,M4.18
,M4.19
,M4.20
,M4.21
,M4.22
1,M3.1
2,M3.2
3,M3.3
4,M3.4
5,M3.5
6,M3.6
7,M3.8
8,M3.9
9,M3.10
10,M3.11
11,M3.12
12,M3.13
13,M3.14
14,M3.15
15,M3.17
16,M3.18
1,M6.2
,M6.3
,M6.4
,M6.5
,M6.6
,M6.7
,M6.8
,M6.9
,M6.10
,M6.11
,M6.12
,M6.13
,M6.14
,M6.15
,M6.16
,M6.17
,M6.18
16,M6.19
,M6.20
,M5.2
,M5.3
,M5.4
,M5.5
,M5.6
,M5.7
,M5.8
,M5.9
,M5.10
,M5.11
,M5.12
,M5.13
,M5.14
,M5.15
,M5.16
,M5.17
,M5.18
16,M5.19
,M5.20
,P1.1
,P1.2
,P1.3
,P1.4
,P1.5
,P1.6
,P1.7
,P1.8
,P1.9
,P1.10
,P1.11
,P1.12
,P1.13
,P1.14
,P1.15
,P1.16
,P1.17
,P1.18
,P1.19
,P1.20
,P1.21
,P1.22
,P1.23
,P1.24
,P1.25
,P1.26
,P1.27
,P1.28
,P1.29
,P1.31
,P1.32
,P1.33
,P1.34
,P1.35
,P1.36
,P1.37
,P1.38
,P1.39
,P1.40
,P1.41
,P1.42
,P1.43
,P1.44
,P1.45
,P1.46
,P1.47
,P1.48
,P1.49
,P1.50
,P1.51
,P1.52
,P1.53
,P1.54
,P1.55
,P1.56
,P1.57
,P1.58
,P1.59
,P1.60
,P1.61
,P1.62
,P1.63
,P1.64
,P1.65
,P1.66
,P1.67
,P1.68
,P1.69
,P1.71
,P1.72
,P1.73
,P1.74
,P1.75
,P1.76
,P1.77
,P1.78
,P1.79
,P1.80
,P1.81
1,M3.1
2,M3.2
3,M3.3
4,M3.4
5,M3.5
6,M3.6
7,M3.8
8,M3.9
9,M3.10
10,M3.11
11,M3.12
12,M3.13
13,M3.14
14,M3.15
15,M3.17
16,M3.18
,P2.1
,P2.2
,P2.3
,P2.4
,P2.5
,P2.6
,P2.7
,P2.8
,P2.9
,P2.10
,P2.11
,P2.12
,P2.13
,P2.14
,P2.15
,P2.16
,P2.17
,P2.18
,P2.19
,P2.20
,P2.21
,P2.22
,P2.23
,P2.24
,P2.25
,P2.26
,P2.27
,P2.28
,P2.29
,P2.31
,P2.32
,P2.33
,P2.34
,P2.35
,P2.36
,P2.37
,P2.38
,P2.39
,P2.40
,P2.41
,P2.42
,P2.43
,P2.44
,P2.45
,P2.46
,P2.47
,P2.48
,P2.49
,P2.50
,P2.51
,P2.52
,P2.53
,P2.54
,P2.55
,P2.56
,P2.57
,P2.58
,P2.59
,P2.60
,P2.61
,P2.62
,P2.63
,P2.64
,P2.65
,P2.66
,P2.67
,P2.68
,P2.73
,P2.74
,P2.75
,P2.76
,P2.77
,P2.78
,P2.79
,P2.80
,P2.81
,P2.82
,P2.83
1,M3.1
2,M3.2
3,M3.3
4,M3.4
5,M3.5
6,M3.6
7,M3.8
8,M3.9
9,M3.10
10,M3.11
11,M3.12
12,M3.13
13,M3.14
14,M3.15
15,M3.17
16,M3.18
,P3.1
,P3.2
,P3.3
,P3.4
,P3.5
,P3.6
,P3.7
,P3.8
,P3.9
,P3.10
,P3.11
,P3.12
,P3.13
,P3.14
,P3.15
,P3.16
,P3.17
,P3.18
,P3.19
,P3.20
,P3.21
,P3.22
,P3.23
,P3.24
,P3.25
,P3.26
,P3.27
,P3.28
,P3.29
,P3.31
,P3.32
,P3.33
,P3.34
,P3.35
,P3.36
,P3.37
,P3.38
,P3.39
,P3.40
,P3.41
,P3.42
,P3.43
,P3.44
,P3.45
,P3.46
,P3.47
,P3.48
,P3.49
,P3.50
,P3.51
,P3.52
,P3.53
,P3.54
,P3.55
,P3.56
,P3.57
,P3.58
,P3.59
,P3.60
,P3.61
,P3.62
,P3.63
,P3.64
,P3.65
,P3.66
,P3.67
,P3.68
,P3.73
,P3.74
,P3.75
,P3.76
,P3.77
,P3.78
,P3.79
,P3.80
,P3.81
,P3.82
,P3.83
1,M3.1
2,M3.2
3,M3.3
4,M3.4
5,M3.5
6,M3.6
7,M3.8
8,M3.9
9,M3.10
10,M3.11
11,M3.12
12,M3.13
13,M3.14
14,M3.15
15,M3.17
16,M3.18
1,M3.1
2,M3.2
3,M3.3
4,M3.4
5,M3.5
6,M3.6
7,M3.8
8,M3.9
9,M3.10
10,M3.11
11,M3.12
12,M3.13
13,M3.14
14,M3.15
15,M3.17
16,M3.18
,B.1
,B.2
,B.3
,B.4
,B.5
,B.6
,B.7
,B.8
,B.9
,B.10
,B.11
,B.12
,B.13
,B.14
,B.15
,B.16
,B.17
,B.18
,B.19
,B.20
,B.21
,B.22
,B.23
,B.24
,B.25
,B.26
,B.27
,B.28
,B.29
,B.31
,B.32
,B.33
,B.34
,B.35
,B.36
,B.37
,B.38
,B.39
,B.40
,B.41
,B.42
,B.43
,B.44
,B.45
,B.46
,B.47
,B.48
,B.49
,B.50
,B.51
,B.52
,B.53
,B.54
,B.56
,B.57
,B.58
,B.59
,B.60
,B.61
,B.62
,B.63
,B.65
,B.66
,B.67
,B.72
,B.73
,B.75
,B.76
,B.77
,B.78
,B.79
,B.80
,B.81
,M5.2
,M5.3
,M5.4
,M5.5
,M5.6
,M5.7
5,M5.8
6,M5.9
,M5.10
,M5.11
,M5.12
,M5.13
,M5.14
9,M5.15
,M5.16
,M5.17
,M5.18
,M5.19
,M5.20
1,M3.1
2,M3.2
3,M3.3
4,M3.4
5,M3.5
6,M3.6
7,M3.8
8,M3.9
9,M3.10
10,M3.11
11,M3.12
12,M3.13
13,M3.14
14,M3.15
15,M3.17
16,M3.18
1,M4.1
2,M4.2
3,M4.3
4,M4.4
5,M4.5
6,M4.6
7,M4.7
5,M4.8
8,M4.9
9,M4.10
10,M4.12
11,M4.13
12,M4.14
13,M4.15
14,M4.16
15,M4.17
16,M4.18
17,M4.19
18,M4.20
19,M4.21
20,M4.22
1,M4.1
2,M4.2
3,M4.3
4,M4.4
5,M4.5
6,M4.6
7,M4.7
5,M4.8
8,M4.9
9,M4.10
10,M4.12
11,M4.13
12,M4.14
13,M4.15
14,M4.16
15,M4.17
16,M4.18
17,M4.19
18,M4.20
19,M4.21
20,M4.22
1,M6.2
2,M6.3
,M6.4
,M6.5
,M6.6
,M6.7
5,M6.8
6,M6.9
,M6.10
,M6.11
,M6.12
,M6.13
,M6.14
9,M6.15
,M6.16
,M6.17
,M6.18
,M6.19
,M6.20
1,M4.1
2,M4.2
3,M4.3
4,M4.4
5,M4.5
6,M4.6
7,M4.7
5,M4.8
8,M4.9
9,M4.10
10,M4.12
11,M4.13
12,M4.14
13,M4.15
14,M4.16
15,M4.17
16,M4.18
17,M4.19
18,M4.20
19,M4.21
20,M4.22
,P1.1
,P1.2
,P1.3
,P1.4
,P1.5
,P1.6
,P1.7
,P1.8
,P1.9
,P1.10
,P1.11
,P1.12
,P1.13
,P1.14
,P1.15
,P1.16
3,P1.17
,P1.18
,P1.19
,P1.20
,P1.21
,P1.22
,P1.23
,P1.24
,P1.25
,P1.26
,P1.27
,P1.28
,P1.29
,P1.31
,P1.32
,P1.33
,P1.34
,P1.35
,P1.36
,P1.37
,P1.38
,P1.39
,P1.40
,P1.41
,P1.42
,P1.43
,P1.44
,P1.45
,P1.46
,P1.47
5,P1.48
,P1.49
,P1.50
,P1.51
,P1.52
,P1.53
,P1.54
,P1.55
,P1.56
,P1.57
,P1.58
,P1.59
,P1.60
,P1.61
,P1.62
,P1.63
,P1.64
,P1.65
,P1.66
,P1.67
,P1.68
,P1.69
,P1.71
,P1.72
,P1.73
,P1.74
,P1.75
,P1.76
,P1.77
,P1.78
,P1.79
,P1.80
,P1.81
1,M4.1
2,M4.2
3,M4.3
4,M4.4
5,M4.5
6,M4.6
7,M4.7
8,M4.8
9,M4.9
10,M4.10
11,M4.12
12,M4.13
13,M4.14
14,M4.15
15,M4.16
16,M4.17
17,M4.18
18,M4.19
19,M4.20
20,M4.21
21,M4.22
,P2.1
,P2.2
,P2.3
,P2.4
,P2.5
,P2.6
,P2.7
,P2.8
,P2.9
,P2.10
,P2.11
,P2.12
,P2.13
,P2.14
,P2.15
,P2.16
,P2.17
,P2.18
,P2.19
,P2.20
,P2.21
,P2.22
,P2.23
,P2.24
,P2.25
,P2.26
,P2.27
,P2.28
,P2.29
,P2.31
,P2.32
,P2.33
,P2.34
,P2.35
,P2.36
,P2.37
,P2.38
,P2.39
,P2.40
,P2.41
,P2.42
,P2.43
,P2.44
,P2.45
,P2.46
,P2.47
,P2.48
,P2.49
,P2.50
,P2.51
,P2.52
,P2.53
,P2.54
,P2.55
,P2.56
,P2.57
,P2.58
,P2.59
,P2.60
,P2.61
,P2.62
,P2.63
,P2.64
,P2.65
,P2.66
,P2.67
,P2.68
,P2.73
,P2.74
,P2.75
,P2.76
,P2.77
,P2.78
,P2.79
,P2.80
,P2.81
,P2.82
,P2.83
,P3.1
,P3.2
,P3.3
,P3.4
,P3.5
,P3.6
,P3.7
,P3.8
,P3.9
,P3.10
,P3.11
,P3.12
,P3.13
,P3.14
,P3.15
,P3.16
,P3.17
,P3.18
3,P3.19
,P3.20
,P3.21
,P3.22
,P3.23
,P3.24
,P3.25
,P3.26
,P3.27
,P3.28
,P3.29
,P3.31
,P3.32
,P3.33
,P3.34
,P3.35
,P3.36
,P3.37
,P3.38
,P3.39
,P3.40
,P3.41
,P3.42
,P3.43
,P3.44
,P3.45
,P3.46
,P3.47
,P3.48
,P3.49
,P3.50
,P3.51
,P3.52
,P3.53
,P3.54
,P3.55
,P3.56
,P3.57
,P3.58
,P3.59
,P3.60
,P3.61
,P3.62
,P3.63
,P3.64
,P3.65
,P3.66
,P3.67
,P3.68
,P3.73
,P3.74
,P3.75
,P3.76
,P3.77
,P3.78
,P3.79
,P3.80
,P3.81
,P3.82
,P3.83
,B.1
,B.2
,B.3
,B.4
,B.5
,B.6
,B.7
,B.8
,B.9
,B.10
,B.11
,B.12
,B.13
,B.14
,B.15
,B.16
,B.17
,B.18
,B.19
3,B.20
,B.21
,B.22
,B.23
,B.24
,B.25
,B.26
,B.27
,B.28
,B.29
,B.31
,B.32
,B.33
,B.34
,B.35
,B.36
,B.37
,B.38
,B.39
,B.40
,B.41
,B.42
,B.43
5,B.44
,B.45
,B.46
,B.47
,B.48
,B.49
,B.50
,B.51
,B.52
,B.53
,B.54
,B.56
,B.57
,B.58
,B.59
,B.60
,B.61
,B.62
,B.63
,B.65
,B.66
,B.67
,B.72
,B.73
,B.75
,B.76
,B.77
,B.78
,B.79
,B.80
,B.81
1,M4.1
2,M4.2
3,M4.3
4,M4.4
5,M4.5
6,M4.6
7,M4.7
5,M4.8
8,M4.9
9,M4.10
10,M4.12
11,M4.13
12,M4.14
13,M4.15
14,M4.16
15,M4.17
16,M4.18
17,M4.19
18,M4.20
19,M4.21
20,M4.22
1,M4.1
2,M4.2
3,M4.3
4,M4.4
5,M4.5
6,M4.6
7,M4.7
8,M4.8
9,M4.9
10,M4.10
11,M4.12
12,M4.13
13,M4.14
14,M4.15
15,M4.16
16,M4.17
17,M4.18
18,M4.19
19,M4.20
20,M4.21
21,M4.22
1,M5.2
2,M5.3
3,M5.4
4,M5.5
5,M5.6
6,M5.7
7,M5.8
8,M5.9
9,M5.10
7,M5.11
10,M5.12
11,M5.13
7,M5.14
12,M5.15
13,M5.16
14,M5.17
15,M5.18
16,M5.19
17,M5.20
1,M5.2
2,M5.3
3,M5.4
4,M5.5
5,M5.6
6,M5.7
7,M5.8
8,M5.9
9,M5.10
7,M5.11
10,M5.12
11,M5.13
7,M5.14
12,M5.15
13,M5.16
14,M5.17
15,M5.18
16,M5.19
17,M5.20
,P1.1
,P1.2
,P1.3
,P1.4
,P1.5
,P1.6
,P1.7
,P1.8
,P1.9
,P1.10
,P1.11
,P1.12
,P1.13
,P1.14
,P1.15
,P1.16
,P1.17
,P1.18
,P1.19
,P1.20
,P1.21
,P1.22
,P1.23
,P1.24
,P1.25
,P1.26
,P1.27
,P1.28
,P1.29
,P1.31
,P1.32
,P1.33
,P1.34
,P1.35
,P1.36
,P1.37
,P1.38
,P1.39
,P1.40
,P1.41
,P1.42
,P1.43
,P1.44
,P1.45
,P1.46
,P1.47
7,P1.48
6,P1.49
,P1.50
,P1.51
5,P1.52
,P1.53
,P1.54
,P1.55
,P1.56
,P1.57
,P1.58
,P1.59
,P1.60
,P1.61
,P1.62
,P1.63
,P1.64
,P1.65
,P1.66
,P1.67
,P1.68
,P1.69
,P1.71
,P1.72
,P1.73
,P1.74
,P1.75
,P1.76
,P1.77
,P1.78
,P1.79
,P1.80
,P1.81
,P2.1
,P2.2
,P2.3
,P2.4
,P2.5
,P2.6
,P2.7
,P2.8
,P2.9
,P2.10
,P2.11
,P2.12
,P2.13
,P2.14
,P2.15
,P2.16
,P2.17
,P2.18
,P2.19
,P2.20
,P2.21
,P2.22
,P2.23
,P2.24
,P2.25
,P2.26
,P2.27
,P2.28
,P2.29
,P2.31
,P2.32
,P2.33
,P2.34
,P2.35
,P2.36
,P2.37
,P2.38
,P2.39
,P2.40
,P2.41
,P2.42
,P2.43
,P2.44
,P2.45
,P2.46
,P2.47
,P2.48
,P2.49
,P2.50
,P2.51
,P2.52
,P2.53
,P2.54
,P2.55
,P2.56
,P2.57
,P2.58
,P2.59
,P2.60
,P2.61
,P2.62
,P2.63
,P2.64
,P2.65
,P2.66
,P2.67
,P2.68
,P2.73
,P2.74
,P2.75
,P2.76
,P2.77
,P2.78
,P2.79
,P2.80
,P2.81
,P2.82
,P2.83
1,M5.2
2,M5.3
3,M5.4
4,M5.5
5,M5.6
6,M5.7
7,M5.8
8,M5.9
9,M5.10
10,M5.11
11,M5.12
12,M5.13
13,M5.14
14,M5.15
15,M5.16
16,M5.17
17,M5.18
18,M5.19
19,M5.20
,P3.1
,P3.2
,P3.3
,P3.4
,P3.5
,P3.6
,P3.7
,P3.8
,P3.9
,P3.10
,P3.11
,P3.12
,P3.13
,P3.14
,P3.15
,P3.16
,P3.17
,P3.18
,P3.19
,P3.20
,P3.21
,P3.22
,P3.23
,P3.24
,P3.25
,P3.26
,P3.27
,P3.28
,P3.29
,P3.31
,P3.32
,P3.33
,P3.34
,P3.35
,P3.36
,P3.37
,P3.38
,P3.39
,P3.40
,P3.41
,P3.42
,P3.43
,P3.44
,P3.45
,P3.46
,P3.47
,P3.48
,P3.49
,P3.50
,P3.51
,P3.52
,P3.53
,P3.54
,P3.55
,P3.56
,P3.57
,P3.58
,P3.59
,P3.60
,P3.61
,P3.62
,P3.63
,P3.64
,P3.65
,P3.66
,P3.67
,P3.68
,P3.73
,P3.74
,P3.75
,P3.76
,P3.77
,P3.78
,P3.79
,P3.80
,P3.81
,P3.82
,P3.83
1,M5.2
2,M5.3
3,M5.4
4,M5.5
5,M5.6
6,M5.7
7,M5.8
8,M5.9
9,M5.10
7,M5.11
10,M5.12
11,M5.13
7,M5.14
12,M5.15
13,M5.16
14,M5.17
15,M5.18
16,M5.19
17,M5.20
1,M5.2
2,M5.3
3,M5.4
4,M5.5
5,M5.6
6,M5.7
7,M5.8
8,M5.9
9,M5.10
10,M5.11
11,M5.12
12,M5.13
13,M5.14
14,M5.15
15,M5.16
16,M5.17
17,M5.18
18,M5.19
19,M5.20
,B.1
,B.2
,B.3
,B.4
,B.5
,B.6
,B.7
,B.8
,B.9
,B.10
,B.11
,B.12
,B.13
,B.14
,B.15
,B.16
,B.17
,B.18
,B.19
,B.20
,B.21
,B.22
,B.23
,B.24
,B.25
,B.26
,B.27
,B.28
,B.29
,B.31
,B.32
,B.33
,B.34
,B.35
,B.36
,B.37
,B.38
,B.39
,B.40
,B.41
,B.42
,B.43
7,B.44
6,B.45
,B.46
,B.47
5,B.48
,B.49
,B.50
,B.51
,B.52
,B.53
,B.54
,B.56
,B.57
,B.58
,B.59
,B.60
,B.61
,B.62
,B.63
,B.65
,B.66
,B.67
,B.72
,B.73
,B.75
,B.76
,B.77
,B.78
,B.79
,B.80
,B.81
,P1.1
,P1.2
,P1.3
,P1.4
,P1.5
,P1.6
,P1.7
,P1.8
,P1.9
,P1.10
,P1.11
,P1.12
,P1.13
,P1.14
,P1.15
,P1.16
,P1.17
,P1.18
,P1.19
,P1.20
,P1.21
,P1.22
,P1.23
,P1.24
,P1.25
,P1.26
,P1.27
,P1.28
,P1.29
,P1.31
,P1.32
,P1.33
,P1.34
,P1.35
,P1.36
,P1.37
,P1.38
,P1.39
,P1.40
,P1.41
,P1.42
,P1.43
,P1.44
,P1.45
,P1.46
,P1.47
7,P1.48
6,P1.49
,P1.50
,P1.51
5,P1.52
,P1.53
,P1.54
,P1.55
,P1.56
,P1.57
,P1.58
,P1.59
,P1.60
,P1.61
,P1.62
,P1.63
,P1.64
,P1.65
,P1.66
,P1.67
,P1.68
,P1.69
,P1.71
,P1.72
,P1.73
,P1.74
,P1.75
,P1.76
,P1.77
,P1.78
,P1.79
,P1.80
,P1.81
1,M6.2
2,M6.3
3,M6.4
4,M6.5
5,M6.6
6,M6.7
7,M6.8
8,M6.9
9,M6.10
7,M6.11
10,M6.12
11,M6.13
7,M6.14
12,M6.15
13,M6.16
14,M6.17
15,M6.18
16,M6.19
17,M6.20
1,M6.2
2,M6.3
3,M6.4
4,M6.5
5,M6.6
6,M6.7
7,M6.8
8,M6.9
9,M6.10
10,M6.11
11,M6.12
12,M6.13
13,M6.14
14,M6.15
15,M6.16
16,M6.17
17,M6.18
18,M6.19
19,M6.20
,P2.1
,P2.2
,P2.3
,P2.4
,P2.5
,P2.6
,P2.7
,P2.8
,P2.9
,P2.10
,P2.11
,P2.12
,P2.13
,P2.14
,P2.15
,P2.16
,P2.17
,P2.18
,P2.19
,P2.20
,P2.21
,P2.22
,P2.23
,P2.24
,P2.25
,P2.26
,P2.27
,P2.28
,P2.29
,P2.31
,P2.32
,P2.33
,P2.34
,P2.35
,P2.36
,P2.37
,P2.38
,P2.39
,P2.40
,P2.41
,P2.42
,P2.43
,P2.44
,P2.45
,P2.46
,P2.47
,P2.48
,P2.49
,P2.50
,P2.51
,P2.52
,P2.53
,P2.54
,P2.55
,P2.56
,P2.57
,P2.58
,P2.59
,P2.60
,P2.61
,P2.62
,P2.63
,P2.64
,P2.65
,P2.66
,P2.67
,P2.68
,P2.73
,P2.74
,P2.75
,P2.76
,P2.77
,P2.78
,P2.79
,P2.80
,P2.81
,P2.82
,P2.83
,P3.1
,P3.2
,P3.3
,P3.4
,P3.5
,P3.6
,P3.7
,P3.8
,P3.9
,P3.10
,P3.11
,P3.12
,P3.13
,P3.14
,P3.15
,P3.16
,P3.17
,P3.18
,P3.19
,P3.20
,P3.21
,P3.22
,P3.23
,P3.24
,P3.25
,P3.26
,P3.27
,P3.28
,P3.29
,P3.31
,P3.32
,P3.33
,P3.34
,P3.35
,P3.36
,P3.37
,P3.38
,P3.39
,P3.40
,P3.41
,P3.42
,P3.43
,P3.44
,P3.45
,P3.46
,P3.47
,P3.48
,P3.49
,P3.50
,P3.51
,P3.52
,P3.53
,P3.54
,P3.55
,P3.56
,P3.57
,P3.58
,P3.59
,P3.60
,P3.61
,P3.62
,P3.63
,P3.64
,P3.65
,P3.66
,P3.67
,P3.68
,P3.73
,P3.74
,P3.75
,P3.76
,P3.77
,P3.78
,P3.79
,P3.80
,P3.81
,P3.82
,P3.83
1,M6.2
2,M6.3
3,M6.4
4,M6.5
5,M6.6
6,M6.7
7,M6.8
8,M6.9
9,M6.10
10,M6.11
11,M6.12
12,M6.13
13,M6.14
14,M6.15
15,M6.16
16,M6.17
17,M6.18
18,M6.19
19,M6.20
,B.1
,B.2
,B.3
,B.4
,B.5
,B.6
,B.7
,B.8
,B.9
,B.10
,B.11
,B.12
,B.13
,B.14
,B.15
,B.16
,B.17
,B.18
,B.19
,B.20
,B.21
,B.22
,B.23
,B.24
,B.25
,B.26
,B.27
,B.28
,B.29
,B.31
,B.32
,B.33
,B.34
,B.35
,B.36
,B.37
,B.38
,B.39
,B.40
,B.41
,B.42
,B.43
7,B.44
6,B.45
,B.46
,B.47
5,B.48
,B.49
,B.50
,B.51
,B.52
,B.53
,B.54
,B.56
,B.57
,B.58
,B.59
,B.60
,B.61
,B.62
,B.63
,B.65
,B.66
,B.67
,B.72
,B.73
,B.75
,B.76
,B.77
,B.78
,B.79
,B.80
,B.81
,M6.2
,M6.3
3,M6.4
,M6.5
5,M6.6
6,M6.7
7,M6.8
8,M6.9
9,M6.10
,M6.11
10,M6.12
11,M6.13
,M6.14
12,M6.15
13,M6.16
14,M6.17
15,M6.18
16,M6.19
,M6.20
1,M6.2
2,M6.3
3,M6.4
4,M6.5
5,M6.6
6,M6.7
7,M6.8
8,M6.9
9,M6.10
7,M6.11
10,M6.12
11,M6.13
7,M6.14
12,M6.15
13,M6.16
14,M6.17
15,M6.18
16,M6.19
17,M6.20
1,P2.1
2,P2.2
3,P2.3
4,P2.4
5,P2.5
6,P2.6
7,P2.7
8,P2.8
9,P2.9
,P2.10
,P2.11
,P2.12
13,P2.13
,P2.14
15,P2.15
16,P2.16
,P2.17
,P2.18
19,P2.19
20,P2.20
21,P2.21
22,P2.22
23,P2.23
24,P2.24
25,P2.25
26,P2.26
27,P2.27
28,P2.28
,P2.29
,P2.31
,P2.32
,P2.33
,P2.34
,P2.35
,P2.36
,P2.37
,P2.38
,P2.39
,P2.40
,P2.41
,P2.42
,P2.43
,P2.44
,P2.45
,P2.46
,P2.47
,P2.48
,P2.49
,P2.50
,P2.51
,P2.52
,P2.53
,P2.54
,P2.55
,P2.56
,P2.57
,P2.58
,P2.59
,P2.60
,P2.61
,P2.62
,P2.63
,P2.64
,P2.65
,P2.66
,P2.67
,P2.68
,P2.73
,P2.74
,P2.75
,P2.76
,P2.77
,P2.78
,P2.79
,P2.80
,P2.81
,P2.82
,P2.83
1,P1.1
2,P1.2
3,P1.3
4,P1.4
5,P1.5
6,P1.6
7,P1.7
8,P1.8
9,P1.9
10,P1.10
11,P1.11
12,P1.12
13,P1.13
14,P1.14
15,P1.15
16,P1.16
17,P1.17
18,P1.18
19,P1.19
17,P1.20
20,P1.21
21,P1.22
22,P1.23
23,P1.24
24,P1.25
25,P1.26
26,P1.27
27,P1.28
28,P1.29
29,P1.31
30,P1.32
31,P1.33
32,P1.34
33,P1.35
34,P1.36
35,P1.37
36,P1.38
37,P1.39
38,P1.40
39,P1.41
40,P1.42
41,P1.43
42,P1.44
43,P1.45
44,P1.46
45,P1.47
46,P1.48
47,P1.49
48,P1.50
49,P1.51
50,P1.52
51,P1.53
52,P1.54
53,P1.55
54,P1.56
55,P1.57
56,P1.58
57,P1.59
58,P1.60
59,P1.61
60,P1.62
61,P1.63
62,P1.64
63,P1.65
64,P1.66
65,P1.67
66,P1.68
67,P1.69
68,P1.71
69,P1.72
70,P1.73
17,P1.74
71,P1.75
72,P1.76
73,P1.77
74,P1.78
75,P1.79
76,P1.80
77,P1.81
1,P1.1
2,P1.2
3,P1.3
4,P1.4
5,P1.5
6,P1.6
7,P1.7
8,P1.8
9,P1.9
10,P1.10
11,P1.11
12,P1.12
13,P1.13
14,P1.14
15,P1.15
16,P1.16
17,P1.17
18,P1.18
19,P1.19
20,P1.20
21,P1.21
22,P1.22
23,P1.23
24,P1.24
25,P1.25
26,P1.26
27,P1.27
28,P1.28
29,P1.29
30,P1.31
31,P1.32
32,P1.33
33,P1.34
34,P1.35
35,P1.36
36,P1.37
37,P1.38
38,P1.39
39,P1.40
40,P1.41
41,P1.42
42,P1.43
43,P1.44
44,P1.45
45,P1.46
46,P1.47
47,P1.48
48,P1.49
49,P1.50
50,P1.51
51,P1.52
52,P1.53
53,P1.54
54,P1.55
55,P1.56
56,P1.57
57,P1.58
58,P1.59
59,P1.60
60,P1.61
61,P1.62
62,P1.63
63,P1.64
64,P1.65
65,P1.66
66,P1.67
67,P1.68
68,P1.69
69,P1.71
70,P1.72
71,P1.73
72,P1.74
73,P1.75
74,P1.76
75,P1.77
76,P1.78
77,P1.79
78,P1.80
79,P1.81
1,P1.1
2,P1.2
3,P1.3
4,P1.4
5,P1.5
6,P1.6
7,P1.7
8,P1.8
9,P1.9
10,P1.10
11,P1.11
12,P1.12
13,P1.13
14,P1.14
15,P1.15
16,P1.16
17,P1.17
18,P1.18
19,P1.19
17,P1.20
20,P1.21
21,P1.22
22,P1.23
23,P1.24
24,P1.25
25,P1.26
26,P1.27
27,P1.28
28,P1.29
29,P1.31
30,P1.32
31,P1.33
32,P1.34
33,P1.35
34,P1.36
35,P1.37
36,P1.38
37,P1.39
38,P1.40
39,P1.41
40,P1.42
41,P1.43
42,P1.44
43,P1.45
44,P1.46
45,P1.47
46,P1.48
47,P1.49
48,P1.50
46,P1.51
49,P1.52
50,P1.53
46,P1.54
51,P1.55
52,P1.56
53,P1.57
54,P1.58
46,P1.59
55,P1.60
56,P1.61
57,P1.62
58,P1.63
59,P1.64
60,P1.65
61,P1.66
62,P1.67
63,P1.68
64,P1.69
65,P1.71
66,P1.72
67,P1.73
68,P1.74
69,P1.75
70,P1.76
71,P1.77
72,P1.78
73,P1.79
74,P1.80
75,P1.81
1,P2.1
2,P2.2
3,P2.3
4,P2.4
5,P2.5
6,P2.6
7,P2.7
8,P2.8
9,P2.9
10,P2.10
11,P2.11
12,P2.12
13,P2.13
14,P2.14
15,P2.15
16,P2.16
17,P2.17
18,P2.18
19,P2.19
20,P2.20
21,P2.21
22,P2.22
23,P2.23
24,P2.24
25,P2.25
26,P2.26
27,P2.27
28,P2.28
29,P2.29
30,P2.31
31,P2.32
32,P2.33
33,P2.34
34,P2.35
35,P2.36
36,P2.37
37,P2.38
38,P2.39
39,P2.40
40,P2.41
41,P2.42
42,P2.43
43,P2.44
44,P2.45
45,P2.46
46,P2.47
47,P2.48
48,P2.49
49,P2.50
50,P2.51
51,P2.52
52,P2.53
53,P2.54
54,P2.55
55,P2.56
56,P2.57
57,P2.58
58,P2.59
59,P2.60
60,P2.61
61,P2.62
62,P2.63
63,P2.64
64,P2.65
65,P2.66
66,P2.67
67,P2.68
68,P2.73
69,P2.74
70,P2.75
71,P2.76
72,P2.77
73,P2.78
74,P2.79
75,P2.80
76,P2.81
77,P2.82
78,P2.83
1,P3.1
2,P3.2
3,P3.3
4,P3.4
5,P3.5
6,P3.6
7,P3.7
8,P3.8
9,P3.9
10,P3.10
11,P3.11
12,P3.12
13,P3.13
14,P3.14
15,P3.15
16,P3.16
,P3.17
,P3.18
,P3.19
20,P3.20
21,P3.21
22,P3.22
23,P3.23
24,P3.24
25,P3.25
,P3.26
27,P3.27
28,P3.28
,P3.29
,P3.31
,P3.32
,P3.33
,P3.34
,P3.35
,P3.36
,P3.37
,P3.38
,P3.39
,P3.40
,P3.41
,P3.42
,P3.43
,P3.44
,P3.45
,P3.46
,P3.47
,P3.48
,P3.49
,P3.50
,P3.51
,P3.52
,P3.53
,P3.54
,P3.55
,P3.56
,P3.57
,P3.58
,P3.59
,P3.60
,P3.61
,P3.62
,P3.63
,P3.64
,P3.65
,P3.66
,P3.67
,P3.68
,P3.73
,P3.74
,P3.75
,P3.76
,P3.77
,P3.78
,P3.79
,P3.80
,P3.81
,P3.82
,P3.83
1,P2.1
2,P2.2
3,P2.3
4,P2.4
5,P2.5
6,P2.6
7,P2.7
8,P2.8
9,P2.9
10,P2.10
11,P2.11
12,P2.12
13,P2.13
14,P2.14
15,P2.15
16,P2.16
17,P2.17
18,P2.18
19,P2.19
20,P2.20
21,P2.21
22,P2.22
23,P2.23
24,P2.24
25,P2.25
26,P2.26
27,P2.27
28,P2.28
29,P2.29
30,P2.31
31,P2.32
32,P2.33
33,P2.34
34,P2.35
35,P2.36
36,P2.37
37,P2.38
38,P2.39
39,P2.40
40,P2.41
41,P2.42
42,P2.43
43,P2.44
44,P2.45
45,P2.46
46,P2.47
47,P2.48
48,P2.49
49,P2.50
47,P2.51
50,P2.52
51,P2.53
47,P2.54
52,P2.55
47,P2.56
53,P2.57
54,P2.58
55,P2.59
56,P2.60
57,P2.61
58,P2.62
59,P2.63
60,P2.64
61,P2.65
62,P2.66
63,P2.67
64,P2.68
65,P2.73
66,P2.74
67,P2.75
68,P2.76
69,P2.77
70,P2.78
71,P2.79
72,P2.80
73,P2.81
74,P2.82
75,P2.83
1,B.1
2,B.2
3,B.3
4,B.4
5,B.5
6,B.6
7,B.7
8,B.8
9,B.9
,B.10
,B.11
,B.12
13,B.13
,B.14
15,B.15
16,B.16
,B.17
18,B.18
,B.19
17,B.20
20,B.21
21,B.22
22,B.23
23,B.24
24,B.25
,B.26
26,B.27
27,B.28
,B.29
33,B.31
34,B.32
35,B.33
,B.34
37,B.35
38,B.36
39,B.37
40,B.38
41,B.39
42,B.40
43,B.41
44,B.42
45,B.43
46,B.44
47,B.45
48,B.46
,B.47
49,B.48
50,B.49
,B.50
54,B.51
,B.52
,B.53
,B.54
55,B.56
56,B.57
,B.58
,B.59
58,B.60
59,B.61
60,B.62
61,B.63
62,B.65
63,B.66
64,B.67
65,B.72
,B.73
69,B.75
70,B.76
71,B.77
72,B.78
73,B.79
74,B.80
75,B.81
1,P3.1
2,P3.2
3,P3.3
4,P3.4
5,P3.5
6,P3.6
7,P3.7
8,P3.8
9,P3.9
10,P3.10
11,P3.11
12,P3.12
13,P3.13
14,P3.14
15,P3.15
16,P3.16
17,P3.17
18,P3.18
19,P3.19
19,P3.20
20,P3.21
21,P3.22
22,P3.23
23,P3.24
24,P3.25
25,P3.26
26,P3.27
27,P3.28
28,P3.29
29,P3.31
30,P3.32
31,P3.33
32,P3.34
33,P3.35
34,P3.36
35,P3.37
36,P3.38
37,P3.39
38,P3.40
39,P3.41
40,P3.42
41,P3.43
42,P3.44
43,P3.45
44,P3.46
45,P3.47
46,P3.48
47,P3.49
48,P3.50
46,P3.51
49,P3.52
50,P3.53
46,P3.54
51,P3.55
46,P3.56
52,P3.57
53,P3.58
19,P3.59
54,P3.60
55,P3.61
56,P3.62
57,P3.63
58,P3.64
59,P3.65
60,P3.66
61,P3.67
62,P3.68
63,P3.73
64,P3.74
65,P3.75
66,P3.76
67,P3.77
68,P3.78
69,P3.79
70,P3.80
71,P3.81
72,P3.82
73,P3.83
1,B.1
2,B.2
3,B.3
4,B.4
5,B.5
6,B.6
7,B.7
8,B.8
9,B.9
10,B.10
11,B.11
12,B.12
13,B.13
14,B.14
15,B.15
16,B.16
17,B.17
18,B.18
,B.19
19,B.20
20,B.21
21,B.22
22,B.23
23,B.24
24,B.25
25,B.26
26,B.27
27,B.28
28,B.29
33,B.31
34,B.32
35,B.33
,B.34
37,B.35
38,B.36
39,B.37
40,B.38
41,B.39
42,B.40
43,B.41
44,B.42
45,B.43
46,B.44
47,B.45
48,B.46
,B.47
49,B.48
50,B.49
,B.50
51,B.51
,B.52
52,B.53
53,B.54
,B.56
54,B.57
,B.58
,B.59
56,B.60
57,B.61
58,B.62
59,B.63
60,B.65
,B.66
62,B.67
63,B.72
,B.73
67,B.75
68,B.76
69,B.77
,B.78
71,B.79
72,B.80
73,B.81
1,B.1
2,B.2
3,B.3
4,B.4
5,B.5
6,B.6
7,B.7
8,B.8
9,B.9
10,B.10
11,B.11
12,B.12
13,B.13
14,B.14
15,B.15
16,B.16
,B.17
,B.18
,B.19
20,B.20
21,B.21
22,B.22
23,B.23
24,B.24
25,B.25
,B.26
27,B.27
28,B.28
,B.29
34,B.31
35,B.32
36,B.33
,B.34
38,B.35
39,B.36
40,B.37
41,B.38
42,B.39
43,B.40
44,B.41
45,B.42
46,B.43
47,B.44
48,B.45
49,B.46
,B.47
50,B.48
,B.49
,B.50
52,B.51
,B.52
53,B.53
54,B.54
55,B.56
56,B.57
,B.58
,B.59
58,B.60
59,B.61
60,B.62
61,B.63
62,B.65
63,B.66
64,B.67
,B.72
,B.73
69,B.75
70,B.76
,B.77
72,B.78
73,B.79
74,B.80
75,B.81
1,P3.1
2,P3.2
3,P3.3
4,P3.4
5,P3.5
6,P3.6
7,P3.7
8,P3.8
9,P3.9
,P3.10
,P3.11
,P3.12
13,P3.13
,P3.14
15,P3.15
16,P3.16
,P3.17
18,P3.18
17,P3.19
,P3.20
20,P3.21
21,P3.22
22,P3.23
23,P3.24
24,P3.25
,P3.26
26,P3.27
27,P3.28
,P3.29
,P3.31
,P3.32
,P3.33
,P3.34
,P3.35
,P3.36
,P3.37
,P3.38
,P3.39
,P3.40
,P3.41
,P3.42
,P3.43
,P3.44
,P3.45
,P3.46
,P3.47
,P3.48
,P3.49
,P3.50
,P3.51
,P3.52
,P3.53
,P3.54
,P3.55
,P3.56
,P3.57
,P3.58
,P3.59
,P3.60
,P3.61
,P3.62
,P3.63
,P3.64
,P3.65
,P3.66
,P3.67
,P3.68
,P3.73
,P3.74
,P3.75
,P3.76
,P3.77
,P3.78
,P3.79
,P3.80
,P3.81
,P3.82
,P3.83
